,name,artists:name,id,duration_ms,danceability,energy,key,loudness,mode,speechiness,acousticness,instrumentalness,liveness,valence,tempo,time_signature
0,no more time,flor,2DrCG0wW0P8O0AUCKzuUC2,183296,0.508,0.922,11,-4.976,1,0.0608,0.000269,0.0549,0.34,0.627,161.04,3
6,Boardwalk,Vance Joy,2EhDRRL6Qrws71TOb1QDjX,190973,0.579,0.662,7,-6.5,0,0.143,0.19,0.0,0.138,0.313,175.831,4
12,My Own Medicine,The Summer Set,2vOmijA7QjNz9XRW0lUz1e,178283,0.621,0.839,10,-4.884,1,0.066,0.226,0.0,0.143,0.784,141.998,4
18,Harder To Breathe,Letdown.,2SZCMA6B76Cc9a9DaAJsRk,167196,0.536,0.81,0,-4.14,0,0.0764,0.165,0.0,0.58,0.549,78.958,4
24,Falling Outside,"Andy Kong, Tom Rhodes",1a5e3Imhqz2KhsogprEn3w,208760,0.589,0.207,0,-16.342,1,0.0286,0.724,0.0205,0.117,0.0945,120.928,4
30,Olivia,THE JACKS,0I1Aj3thWyhDdiEombhQ7j,248056,0.517,0.521,9,-9.319,1,0.0315,0.126,0.0,0.116,0.445,144.163,4
36,One By One,Birds of Bellwoods,0zPIWO1XoBWWRziLIGzgvm,185675,0.54,0.854,1,-5.152,1,0.0345,0.0135,0.0,0.333,0.799,87.896,4
42,Miles Are Wide,Ocie Elliott,7CGfeNaZoVLJRBKB15B1jK,234028,0.77,0.226,2,-9.136,1,0.0314,0.914,3.54e-05,0.0991,0.222,117.949,4
48,Gala,OWEL,3zrnHu3qyYH2xPewe1nC48,320000,0.388,0.485,9,-5.886,1,0.0284,0.00339,1.34e-06,0.299,0.177,170.015,3
4,Hit My Heart - Acoustic Version,BOY,6WE8mrq0DmzcO0zLdCQLZM,224506,0.759,0.347,0,-11.163,1,0.0474,0.857,0.0006,0.105,0.778,97.952,4
10,Seventeen,Haley Blais,2CQZalbSGicedttPGtY06n,208520,0.545,0.825,7,-5.468,1,0.0296,0.765,0.493,0.313,0.597,110.004,4
16,Umami,Go! Child,7zpldAK15UahZ1Rg4QvT8q,254845,0.592,0.469,7,-11.762,1,0.0341,0.66,0.0,0.126,0.336,114.988,4
22,She's A Big Boy,Mcbaise,47X95Rup7LOEaVIHWlkRUT,280225,0.688,0.307,0,-10.726,1,0.0852,0.623,0.357,0.11,0.513,149.543,4
28,Matching Tattoos,Point Blank Society,3FQa3LvZz6oibS2jagMJBG,208636,0.867,0.322,2,-9.558,1,0.0549,0.226,6.74e-05,0.0975,0.591,132.015,4
34,Little Numbers - Acoustic Version,BOY,5UlimMRZhgfIGu57ZwlxkC,221213,0.643,0.464,11,-9.248,1,0.0265,0.684,0.0,0.0973,0.819,95.959,4
40,Little Numbers,BOY,32UKzfkSMoFSHfcd20l4PW,219840,0.537,0.781,1,-4.848,1,0.0387,0.139,0.0,0.0968,0.712,191.807,4
46,Blonde,Maisie Peters,6Tmj9k9HeZhP5CdLHcj81h,181667,0.406,0.818,9,-3.977,1,0.119,0.0885,0.0,0.308,0.632,179.846,4
2,I Wish I Never Met You,Babygirl,5Ga9HA1RoegXoq4TGolIi9,211744,0.82,0.494,1,-9.151,1,0.0309,0.281,0.0358,0.154,0.909,109.956,4
8,At a Glance,Message To Bears,751TJAeguNwru2gpJ51ToF,218666,0.579,0.412,5,-10.129,1,0.0304,0.36,0.587,0.0997,0.139,89.953,4
14,Headphones,Britt Nicole,4lA7OfHo3sP0Mya3uD0Xsh,220746,0.606,0.833,8,-3.148,1,0.0611,0.0149,0.0,0.111,0.635,139.981,4
20,Fourth of July,Sufjan Stevens,4K3RZJ8sWPbv0IedcnEfw6,279316,0.441,0.104,6,-22.399,0,0.0459,0.973,0.354,0.119,0.156,120.266,4
26,Mountains,Message To Bears,22v9ZVkWWAYjderL7ZWuuH,234000,0.569,0.572,6,-11.363,1,0.0265,0.64,0.56,0.0921,0.658,110.031,4
32,Rose Colored Glasses,The Collection,4MvWxdqzKegz0jr8DhzJNd,205774,0.514,0.729,8,-7.338,1,0.058,0.332,0.0,0.212,0.618,152.071,4
38,Hey Michael,"Wallice, marinelli",2e6yL61IB93pCIzMNx4xRF,179852,0.759,0.634,4,-6.387,1,0.047,0.039,8.93e-05,0.644,0.923,120.023,4
44,My Own Person,Ezra Williams,7nMlhFSw9VphHNEgUec9uy,264873,0.599,0.546,7,-6.984,1,0.0328,0.789,2.8e-05,0.116,0.263,89.98,4
0,The Only Boy Racer Left On The Island,The Howl & The Hum,7bjb4GQvUUncFHzdmWsGQI,226779,0.519,0.616,11,-7.314,1,0.038,0.00635,1.01e-05,0.337,0.0569,116.915,3
6,Nothing New,Fly By Midnight,1s2iyEiQWFzWKr6YXrbNdE,149268,0.528,0.829,7,-6.594,0,0.0682,0.0571,5.9e-06,0.131,0.485,164.088,4
12,Man on the Moon,Zella Day,08lkp84AN53aDQibAbA4cv,242416,0.429,0.867,8,-4.869,1,0.0385,0.0271,2.86e-06,0.106,0.57,74.987,4
18,This Is Home,Cavetown,7s8VgA8OjvwBUuigKzEGBx,226073,0.811,0.266,7,-12.478,1,0.0406,0.56,1.05e-06,0.0962,0.211,130.044,4
24,Projector,Set It Off,0fUCMjWiCq5vyoLNyf5IQf,192244,0.672,0.897,9,-4.459,0,0.0369,0.00978,0.0,0.135,0.519,98.011,4
30,Spinning (The Saucer),The Altogether,721Q3BGW2jPkSgXa8u8sK3,158576,0.642,0.414,3,-9.801,1,0.026,0.76,0.0317,0.0906,0.299,96.042,4
36,Motion (with Yot Club),"Smallpools, Yot Club",1X0EgBQrXoMlOyWNjBWs2U,179695,0.706,0.754,0,-6.808,1,0.0301,0.147,0.00102,0.0979,0.858,117.984,4
42,Hard to Kill,Bleached,2W830GhisPFzMAZOlKNBcY,206160,0.725,0.695,0,-6.934,1,0.0288,0.000697,0.00161,0.233,0.86,127.523,4
48,Everybody Seems to Love You,Addison Grace,7glM6QKiCgb0w88hNf0USx,202193,0.391,0.585,3,-6.698,0,0.0456,0.0237,0.0,0.145,0.325,94.16,4
4,Figure 8,Handsome Ghost,55CcDF1xukId1ieoefDI7X,236728,0.608,0.495,6,-10.237,0,0.0258,0.337,0.000365,0.116,0.173,99.986,4
10,midnight love,girl in red,32XaqPVTVkkuOiOPQZ3SpA,193928,0.284,0.538,2,-9.894,0,0.0886,0.717,0.105,0.111,0.259,179.708,3
16,could you love me while i hate myself,Zeph,7uo2L5FAja3pWIBa3HJVeC,60333,0.68,0.406,9,-11.313,1,0.0414,0.782,0.00019,0.11,0.551,119.901,4
22,"You're On Your Own, Kid",Taylor Swift,4D7BCuvgdJlYvlX5WlN54t,194206,0.696,0.396,2,-10.289,1,0.0656,0.401,5.2e-06,0.125,0.38,120.041,4
28,What Goes Around,Sjowgren,1EmUW3D8vAfp2miQJTMupc,179933,0.63,0.433,10,-5.874,1,0.0291,0.559,0.00702,0.0873,0.56,104.042,4
34,The Lord God Bird,Coach Kit,6uvHuXQqiixn2fPKa15fHT,205018,0.61,0.348,10,-10.874,0,0.0273,0.825,0.0143,0.185,0.51,123.605,4
40,Flirting with Her,Sir Babygirl,2kDTgtrBqoEWNrdYte9hSo,230160,0.373,0.706,2,-5.747,1,0.0339,0.00101,0.145,0.228,0.217,154.752,4
46,"Get Me Away from Here, I'm Dying",Belle and Sebastian,0xBH1GysY7fy6RJjX8hW5R,205493,0.543,0.615,6,-9.588,1,0.0448,0.391,0.0,0.74,0.697,79.656,4
2,Radio,Dayglow,10SOOaAA0JVdnroFkcZT7w,194800,0.586,0.903,6,-3.275,1,0.0648,0.0278,6.49e-06,0.0597,0.823,175.066,4
8,Everybody's Cool,Two Door Cinema Club,5HUxswbr7V4fzwG1LGCf7U,262356,0.695,0.713,6,-4.366,0,0.0459,0.0518,0.0,0.11,0.558,106.018,4
14,Sea Of Love,"Langhorne Slim, Jill Andrews",3ASn2iE7F4HvA8XyRbJ4tS,203190,0.538,0.272,11,-10.783,1,0.0381,0.904,0.000613,0.108,0.316,118.382,4
20,Silk Chiffon,"MUNA, Phoebe Bridgers",5ECxiK4Vigo1yRRmAoZc1f,206586,0.622,0.739,8,-6.219,1,0.0441,0.0156,0.0,0.111,0.435,97.017,4
26,Loveless,Lo Moon,1lN6FVRdpvwYVHi6LqMA1U,423280,0.518,0.436,10,-8.539,1,0.0298,0.0198,0.125,0.0575,0.145,79.934,4
32,Second Nature,Dayglow,0Kqo7V39HrgjMaDwL5uvq7,347146,0.744,0.896,7,-3.189,1,0.0399,0.0825,0.00165,0.0708,0.74,115.035,4
38,Frankenstein,Claire Rosinkranz,1xSmjB0t19q4CSJ0X0ymGB,202248,0.826,0.745,2,-6.091,1,0.141,0.13,1.32e-05,0.178,0.883,119.92,4
44,Just the Two of Us,Sunmoon,1hcJrzSt75RwryotCDsPV6,137909,0.598,0.558,1,-9.526,1,0.0492,0.717,0.00372,0.477,0.388,100.117,4
0,I Don't Wanna Talk About Love,New Dialogue,6vSTEfdBUzUUCPYJ4qWp22,182500,0.631,0.689,11,-5.597,0,0.0349,0.147,2.72e-05,0.12,0.526,95.996,4
6,Cameras & Coastlines,Smallpools,4krx53ym2jljK4jlR4VXXq,158542,0.363,0.898,7,-6.345,1,0.0541,0.00699,0.00715,0.451,0.637,180.143,4
12,sucks to see you doing better,Valley,2LFprH1a4nNvmYha55xhj6,225136,0.736,0.593,1,-8.405,1,0.0378,0.0151,1.2e-06,0.0562,0.612,121.996,4
18,Reruns,SUGR?,1EHqPHC8yrLStpI2BYLo9t,197015,0.653,0.661,0,-7.215,1,0.0345,0.155,0.0159,0.0982,0.536,100.041,4
24,Heavy Sleeper,Mandala,5ivXovSk2azBtRKrhTsggw,348250,0.249,0.781,9,-4.262,1,0.0564,0.285,0.0,0.0985,0.363,164.923,4
30,Don’t get the deal,beabadoobee,60aYO1uRqTkGltYtaMFPxy,220693,0.389,0.839,2,-5.806,1,0.0442,0.00536,2.81e-05,0.0483,0.636,132.537,4
36,Already Dead,"Daisy Grenade, The Ready Set",2SvNm1U3VWBS86RioI8iU5,159677,0.552,0.65,7,-4.805,1,0.043,0.00341,0.0,0.0549,0.923,155.017,4
42,Daisies,"Roe Kapara, Indy June",1nAV0QT77E27r4j6SrRD3J,198438,0.614,0.596,0,-7.365,1,0.0305,0.487,0.0,0.0955,0.177,97.995,4
48,Undying Greed,Neck Break Launch,6sl4W2MkAAhWqKpp6nTY1q,138193,0.371,0.923,4,-6.53,0,0.167,0.495,0.164,0.359,0.51,99.979,4
4,the perfect pair,beabadoobee,41P6Tnd8KIHqON0QIydx6a,177533,0.634,0.663,11,-6.818,1,0.0331,0.433,0.124,0.102,0.6,146.053,4
10,Last Man On Earth,Anna Bates,3gTq1WoOHWfyuCkIaCgjYS,188813,0.339,0.482,0,-8.047,0,0.0453,0.535,0.0,0.173,0.276,179.232,3
16,Come Back to Life,The Zolas,58jFdVUmd39QCbVEXQk8If,230053,0.535,0.764,11,-5.628,0,0.0374,0.0293,8.87e-05,0.134,0.483,95.996,4
22,Backseat,Lafrantz,2V44oohInzH6JQrWZrlQMP,159558,0.771,0.44,2,-9.598,0,0.0394,0.472,1.95e-05,0.106,0.832,144.931,4
28,Kilby Girl,The Backseat Lovers,1170VohRSx6GwE6QDCHPPH,282205,0.329,0.444,1,-9.973,1,0.0417,0.0578,0.0352,0.113,0.225,162.279,4
34,Mirror Girl,Jordy Searcy,02MfV88yWVP3VYiC5dehEA,178000,0.606,0.619,11,-6.866,1,0.0751,0.337,0.0,0.299,0.552,97.188,4
40,Dance Macabre,Ghost,4IpifFMWFYS5sWFX9mcTbV,219720,0.619,0.696,7,-6.263,0,0.0315,1.93e-05,0.00555,0.38,0.727,125.984,4
46,"So Alright, Cool, Whatever",The Happy Fits,5NxC33tgrysAEqc62yukdT,191360,0.685,0.642,0,-5.417,1,0.0372,0.0997,0.0,0.0343,0.763,130.02,4
2,YKWIM?,Yot Club,2vWBUC9djv6BtiGlmKiQaH,212750,0.372,0.537,9,-7.623,1,0.0305,0.937,0.873,0.287,0.228,123.735,3
8,Dad Dancing,Goodnight Goodbye,1ucjmB6RNtJGQ5nURZIWED,238560,0.704,0.686,2,-10.03,1,0.0406,0.248,0.364,0.125,0.777,122.016,4
14,landline,Arlie,7J2SaxOOWpKsXgCjlQQ7o0,183933,0.757,0.737,1,-4.022,1,0.0441,0.0666,6.87e-05,0.0941,0.863,110.01,4
20,Talk to Me,Cavetown,3znD2JTezT8ZLkp2pmft2l,277327,0.626,0.323,4,-9.607,1,0.0339,0.667,0.0,0.0605,0.234,130.082,4
26,Weight,Run River North,7fVlkdoJFnPkb3keLng0Gv,242005,0.662,0.71,2,-6.904,1,0.039,0.00844,0.0,0.233,0.577,132.973,4
32,Better In College,"Robert DeLong, Ashe",5C9mHJa5Xsc7VkK1F94I8Z,208786,0.507,0.668,0,-5.461,1,0.142,0.246,0.0,0.19,0.68,177.702,4
38,Japanese Posters,Rebounder,19mIMQ8rNN4jmfR1UXVNBQ,156000,0.673,0.631,6,-6.634,0,0.0281,0.00732,7.34e-06,0.253,0.796,95.009,4
44,nice pup,chloe moriondo,44ZzrQnqhQt3bAOOJ9iQbE,163082,0.793,0.46,4,-6.208,1,0.061,0.153,2.13e-05,0.104,0.667,129.987,4
0,I'M ALREADY DEAD,"Animal Sun, DREAMERS",1p2ukcpuRH0MtwPF6bVRKE,187500,0.607,0.778,8,-7.516,1,0.0298,0.0601,5.97e-05,0.0657,0.537,90.002,4
6,Space Cadet,The Technicolors,6DwRQI2K03MTNULcasnhUh,288835,0.571,0.655,11,-7.576,1,0.0307,0.127,1.42e-05,0.165,0.633,85.986,4
12,Semi Kinda Right,One Flew West,37iTF9KJmvX5BsWLZKtO1X,178391,0.589,0.855,1,-4.454,0,0.029,0.00103,0.0,0.121,0.621,102.998,4
18,Words Ain't Enough,"Tessa Violet, chloe moriondo",7lMzNAybmy1UNPsgflbVcE,124415,0.713,0.325,0,-5.766,0,0.0312,0.928,0.0106,0.107,0.239,110.541,3
24,Ghost Adventure Spirit Orb,chloe moriondo,3usozzhsqnw7XnQt9WB3hX,177009,0.509,0.206,4,-14.604,1,0.0431,0.633,0.0,0.0927,0.3,143.462,4
30,Hold On For Dear Life,"Adam Melchor, Briston Maroney",2qQvRQWSdIzyFK0Uvxh3V1,227117,0.494,0.791,7,-4.067,1,0.0373,0.0182,0.0,0.265,0.367,123.997,4
36,Magnificent,Oh Wonder,4djeNHa2hRfxB5Z4HD5Stu,268528,0.622,0.392,9,-12.572,1,0.0405,0.336,0.00962,0.073,0.413,79.977,4
42,Can You Feel The Sun,MISSIO,2DZqu0ju4GPs4nJXm1XrQ1,286342,0.494,0.645,2,-6.552,0,0.0334,0.0368,1.23e-06,0.135,0.103,127.923,4
48,Darkness,Bronze Radio Return,77WgMy0kPqu8tpEGJcM3xe,204915,0.659,0.779,7,-5.545,1,0.0367,0.053,9.82e-05,0.0736,0.514,107.97,4
4,Upper West Side,King Princess,7vfaRUaFBDwENwa3tzJY64,211413,0.635,0.496,9,-8.858,1,0.0338,0.277,0.00634,0.081,0.733,141.863,4
10,Half Alive,Amber Run,7rBgx1F0dcOai3Rd21CzcZ,215053,0.358,0.715,11,-7.058,0,0.06,0.0736,0.21,0.0724,0.324,113.408,5
16,Sticky,The Maine,6qXBZGMoNHTVIebQDECoY9,178900,0.669,0.819,0,-4.716,1,0.0363,0.11,0.0,0.212,0.762,105.055,4
22,I Just Wanna Run,The Downtown Fiction,3WLLJzllBEgPiSA0qd3BN3,199959,0.669,0.667,4,-3.0,1,0.0511,0.00769,0.0,0.0983,0.69,128.103,4
28,Peachy,Bad Suns,5VN19XwyKuWp3lfQFFB4ov,202955,0.662,0.835,6,-4.424,1,0.0294,0.00137,1.09e-06,0.114,0.714,103.996,4
34,Simple Things,No Love For The Middle Child,5XmLP99v54O4zV9vrlBKVS,171221,0.523,0.696,6,-5.313,0,0.0529,0.0476,0.0,0.205,0.366,103.886,4
40,Checkmate,Conan Gray,3SnpCALgmzVy7k07aAXbuA,148280,0.512,0.716,1,-4.13,1,0.304,0.0669,9.04e-06,0.147,0.703,151.484,4
46,Lifeline,"Tómas Welding, ELVA",3bveGlyB1hTt9g2qqkR0jl,200347,0.753,0.425,4,-7.924,0,0.0321,0.837,3.03e-06,0.0996,0.481,114.962,4
2,Purple,Hollow Coves,7bwqzQSHl3GE0qA4owWOzG,265962,0.591,0.676,7,-7.47,1,0.0256,0.13,0.0796,0.09,0.369,107.999,4
8,Boys,Hippo Campus,7yfLvK7r1w5bql3G0Uha5w,253848,0.515,0.771,2,-5.081,1,0.0394,0.0339,1.81e-05,0.0945,0.552,104.995,4
14,Older,Alec Benjamin,4qeHV9T5N3S7KAKryZQp8s,164396,0.539,0.489,2,-8.456,1,0.0635,0.59,0.0,0.197,0.515,84.211,4
20,seasonal depression,mxmtoon,16vTdg4LWbLbgZ2uTrQcB8,156120,0.582,0.636,10,-5.408,1,0.081,0.704,0.0,0.152,0.381,155.825,4
26,Were You Lying? - Demo,"Jansen, The Wldlfe",5gP7QR2jv7DE0grdzoFGCB,265981,0.549,0.438,9,-7.958,1,0.0294,0.5,4.86e-05,0.0929,0.256,117.862,4
32,Sunshine,OneRepublic,5r43qanLhUCdBj8HN3fa6B,163854,0.697,0.875,5,-4.621,1,0.034,0.137,0.0,0.28,0.774,140.069,4
38,There Will Be Another,Bronze Radio Return,1PgXr1hlvoOa7ugxQsFGta,231784,0.656,0.299,7,-10.658,1,0.0288,0.795,0.00903,0.156,0.338,80.053,4
44,Summerland,half•alive,0dN3cttUifpkm1Oja79zJr,229659,0.713,0.804,2,-4.971,1,0.15,0.258,0.0,0.346,0.703,103.881,4
0,Train,Brick + Mortar,5fAeD0Y8eG2EWN2e5ZRpxa,185029,0.596,0.729,7,-5.82,1,0.0698,0.0433,0.151,0.135,0.56,149.999,4
6,Outsiders,"UNSECRET, Bryce Fox",2Pq6p5xmckZxvV0gl3lEaG,165253,0.639,0.789,2,-6.293,1,0.0469,0.139,0.000328,0.091,0.648,120.078,4
12,The Dragon,Will Joseph Cook,6Hklbd3IHCx7th0EtVoQ2S,204591,0.819,0.606,9,-5.739,1,0.0685,0.0569,0.000539,0.029,0.958,146.034,4
18,Sofia,Clairo,7B3z0ySL9Rr0XvZEAjWZzM,188386,0.744,0.619,0,-9.805,1,0.039,0.598,0.00372,0.231,0.641,112.997,4
24,One More Second - Future Islands Remix,"Matt Berninger, Future Islands",5COrym7h8O3YPFIht8nsDi,249555,0.523,0.591,4,-10.637,1,0.0462,0.0642,0.908,0.111,0.347,166.03,4
30,After All,"Elton John, Charlie Puth",38UDoZyudPWXLzXRAb71oP,208714,0.501,0.556,5,-5.628,1,0.0266,0.361,0.000133,0.115,0.165,82.017,4
36,Last Week On A Friday,Young Rising Sons,0UpdNPlHt0URGZzaU5aTxx,200886,0.553,0.905,10,-3.912,1,0.0577,0.000852,0.183,0.299,0.689,144.993,4
42,Mood Swings,New Dialogue,4uM9jXse2J95M11yAiSJLB,183157,0.476,0.704,8,-5.755,0,0.123,0.326,0.0,0.266,0.454,110.069,3
48,I Don't Wanna Talk (I Just Wanna Dance),Glass Animals,6IbCvfmmICEEAyDwQ9zcbt,195190,0.703,0.624,7,-6.228,1,0.0364,0.0156,5.53e-05,0.299,0.808,131.966,4
4,Moon in the Morning,Adam Melchor,1Lfr9YBRpeSwCS14kBoTAg,194266,0.458,0.464,5,-9.126,0,0.031,0.799,3.42e-05,0.109,0.256,122.821,4
10,The Golden Age,Woodkid,0G2tHYsAHueVaPhTTBbVna,224720,0.545,0.752,2,-6.745,1,0.0362,0.723,0.136,0.138,0.232,132.033,4
16,Roses,The Band CAMINO,28Fqo5nrtgYj7czjeyHg04,181673,0.703,0.768,1,-5.069,1,0.0339,0.0339,1.3e-06,0.0328,0.786,95.983,4
22,Do Me Like That,Penguin Prison,2R4B5jDPvxVR09SQGLyDFP,195066,0.61,0.82,9,-5.035,1,0.0332,0.101,1.8e-06,0.212,0.776,152.091,4
28,All We Have Is Now,The Modern Electric,0vvP8kCXvar3wvMi4xnCzG,244978,0.622,0.652,1,-5.763,1,0.0419,0.111,3.63e-05,0.315,0.313,123.98,4
34,Heaven Is A Place In My Head,Bad Suns,52M0gZE3bcGs9VWUNnOfMg,231845,0.532,0.861,1,-4.134,1,0.0342,0.000138,0.0098,0.0737,0.675,93.477,4
40,Dirty Little Secret,The All-American Rejects,5lDriBxJd22IhOH9zTcFrV,193653,0.465,0.954,10,-4.251,1,0.044,0.000346,5.38e-06,0.573,0.458,143.85,4
46,Cliché,Cece Coakley,2pBym9Ta4unUYYefC1qEjy,183000,0.523,0.448,7,-6.319,1,0.0457,0.595,0.0003,0.11,0.332,106.929,0
2,Sex Tape,Hippo Campus,57rOrYZq3UmlRnww6XOftv,174826,0.359,0.699,2,-6.187,1,0.133,0.216,0.0,0.217,0.783,87.123,4
8,Your Touch,Foreign Air,7GXzl1P7qswewR5aKKVFuA,225038,0.562,0.753,4,-6.269,0,0.0559,0.00619,0.00475,0.0665,0.277,161.94,4
14,Night Vision,Drives the Common Man,1AlsstnhmK0Of1G8iQQYsJ,187354,0.653,0.914,1,-8.927,1,0.103,0.0665,8.35e-06,0.0952,0.732,92.457,4
20,Our Bones Turn To Stone,Aquilo,3L0XH247cWBtheVx7Tkfaa,260225,0.27,0.473,3,-10.264,1,0.0341,0.799,0.167,0.142,0.116,171.992,3
26,Dark Days,Local Natives,7LZN7FkxHZk6maiN6NdI2i,180413,0.604,0.655,9,-7.088,1,0.0273,0.109,0.0019,0.125,0.59,115.038,4
32,Little Heartbeat,Cataldo,5ayP5kvFtT8GPUCX1wbgkm,205200,0.717,0.761,0,-5.653,1,0.0316,0.0348,0.000101,0.163,0.722,128.014,3
38,Tough to Be a Dreamer,Felix Hagan & the Family,0SaiBUaBe0AXfsUU0XOxhE,262509,0.594,0.862,4,-6.77,1,0.0439,0.093,0.0,0.171,0.602,126.97,4
44,Higher Power - Tiësto Remix,"Coldplay, Tiësto",04zCkONaIDxTx2gDjV1yCd,229565,0.629,0.826,5,-4.242,1,0.0467,0.00189,0.0127,0.108,0.533,137.99,4
0,Punks and Poets,Elliot Root,15arhZdjyxnf4vgUTwTP7n,243646,0.58,0.487,0,-11.588,1,0.0308,0.537,0.0251,0.12,0.29,149.988,4
6,Sports With Strangers,HUNNY,2OhueLMXkNgsPYlrlSi6Fb,182723,0.466,0.83,7,-7.575,1,0.058,0.000109,0.0103,0.32,0.745,167.979,4
12,One More Weekend,Maude Latour,4jNRzwGdqkcF11lAvdVHu2,142829,0.619,0.563,3,-6.922,1,0.123,0.54,0.0,0.213,0.527,130.981,3
18,Girl in Calico,Tow'rs,2XiZN924Dye5VCgl2skr5M,283099,0.431,0.192,0,-13.585,1,0.0297,0.828,0.501,0.076,0.0388,94.045,4
24,Walcott,Vampire Weekend,0BZY839qKXibapu4S0GYE2,221600,0.398,0.56,5,-5.448,1,0.0312,0.512,0.0151,0.224,0.59,160.71,4
30,Won't You Hold Me,Grace Lee,0Hzvbc6JP5IONJqRggPR9d,218453,0.642,0.489,6,-9.281,0,0.0405,0.699,0.00016,0.0701,0.34,133.061,4
36,Zombie!,Orla Gartland,1FLyXkdwjRfDakk4XmAFk9,177090,0.525,0.739,7,-5.917,1,0.229,0.00678,1.18e-05,0.0815,0.62,88.202,4
42,Don't Let Me Go,Neck Break Launch,14AXQAp94qn3lgukGk1Bkn,199250,0.472,0.461,7,-10.19,1,0.0307,0.0363,0.004,0.802,0.269,99.852,4
48,Higher Love,JR JR,5d8LE0FoHiBJOaRJ8LC2qU,279919,0.668,0.751,1,-5.916,0,0.0322,0.18,4.82e-06,0.0428,0.777,102.949,4
4,Bad Things,Social Animals,4GJvolzpuvX8Fp38V1UQCT,162691,0.594,0.841,1,-4.726,1,0.091,0.0481,0.0,0.11,0.407,142.153,4
10,Snail (feat. Chloe Moriondo),"Cavetown, chloe moriondo",6wZRVdKVHHSEHiAyTcwtV2,230906,0.659,0.313,10,-12.038,1,0.0388,0.493,5.97e-06,0.0927,0.25,124.851,4
16,Come Out,Masek Porter,3JkcPEiVQtTfS0rixsJM3e,242000,0.581,0.769,5,-9.472,1,0.0332,1.53e-05,0.0002,0.149,0.713,121.009,4
22,science fiction,Smallpools,60vJTXpQmdca1hVaxmuoZ2,185590,0.37,0.881,11,-4.159,1,0.148,0.053,0.000352,0.0684,0.549,86.78,4
28,coyote,Stop Light Observations,4rhuJNcCQpJPN218EDy7lU,284118,0.567,0.656,2,-6.05,1,0.0316,0.283,0.00862,0.0925,0.355,120.092,4
34,Ruthless,Tristam,2QJZqURbvV1l4skBkSGQGo,186666,0.491,0.871,9,-4.261,0,0.117,0.465,0.0,0.191,0.32,134.758,4
40,Lemon Boy,Cavetown,3Yvk0ZLxMlt6ioasvdN6vB,272902,0.509,0.478,4,-10.051,1,0.0392,0.185,1.4e-06,0.0891,0.323,139.926,4
46,"When Can I See You Again? - From ""Wreck-It Ralph""/Soundtrack Version",Owl City,5ZkAx8zjLiSs1nMmBwJoZS,218093,0.638,0.831,11,-6.812,0,0.081,0.0263,0.0,0.0491,0.388,127.975,4
2,Sad Song (feat. Elena Coats),"We The Kings, Elena Coats",05CrK6Q5VGtfPDtyQFJ4Kf,226330,0.512,0.526,1,-5.44,1,0.0251,0.0724,0.0,0.0675,0.249,85.024,4
8,Can I Call You Tonight?,Dayglow,64lsIF5pw0sJY0gV5kz0RN,278769,0.641,0.842,9,-7.27,1,0.0292,0.132,0.91,0.419,0.5,129.98,4
14,Operate,Vesperteen,2a7s3jxHXNyAim8BuhyRuo,227682,0.555,0.79,5,-6.275,1,0.0509,0.00105,0.0,0.133,0.362,122.064,4
20,Lonely,"TWIN XL, Little Hurt, Rad Horror",6BbppaUSgyw6fTdTTANsVJ,166638,0.589,0.76,0,-5.01,1,0.0446,0.206,0.0,0.259,0.564,90.047,4
26,Darkside,"Alan Walker, Au/Ra, Tomine Harket",6SRWhUJcD2YKahCwHavz3X,211680,0.43,0.606,4,-5.115,0,0.0431,0.131,0.0,0.173,0.123,169.988,4
32,Tell Me You Don't Love Me,Mating Ritual,2DFSTVojQ0vz2rebgznbVG,261802,0.636,0.674,0,-4.32,1,0.0337,0.048,2.35e-05,0.0718,0.501,121.993,4
38,right where you left me,Taylor Swift,3IxAFD3NO9vUqJpL0xH3kc,245026,0.581,0.619,10,-6.524,1,0.0282,0.769,0.000106,0.117,0.645,137.915,4
44,Lost,fin,2Ws4VPSsQyZJ1zTxAkV64M,179000,0.736,0.566,3,-8.909,1,0.0431,0.485,0.0,0.0482,0.886,120.035,4
0,Sports Car,Valley,0EoeTWJ9G3xvRwUUFCCHht,245373,0.604,0.479,1,-9.52,1,0.0356,0.0325,2.67e-05,0.641,0.22,91.975,4
6,A New Way,morgxn,0qfFhl3d2x5ttzIxWggvNg,196754,0.423,0.849,11,-3.454,0,0.0496,0.002,0.0,0.394,0.495,85.065,4
12,I Go Crazy,Orla Gartland,2Rj9HWaNkUsxdjM2khuqNd,214574,0.784,0.588,6,-8.26,0,0.0524,0.0891,0.0,0.126,0.519,109.994,4
18,Daydreamer,AURORA,7ihHmMBWoS3PqpFf9FPv7A,219057,0.605,0.56,10,-8.619,1,0.0792,0.039,0.000324,0.485,0.263,145.946,4
24,New Dork Pity,Small Talks,4AOU5gNns3dAVyPfvHazwJ,131736,0.427,0.751,11,-10.567,1,0.0436,0.0654,0.598,0.269,0.466,138.276,4
30,Nicotine & Tangerines,Small Talks,3g3dDkZVs4Embhj6w2WAQT,175899,0.399,0.881,1,-6.383,0,0.0365,0.000517,0.306,0.0814,0.546,160.084,4
36,Blinding Lights (with ROSALÍA) - Remix,"The Weeknd, ROSALÍA",7MXgrcOQAJ5VwSNUL0lDd3,216123,0.49,0.694,5,-5.793,0,0.0618,0.0133,4.62e-05,0.0946,0.249,170.903,4
42,Mine Right Now,Sigrid,7tXVinnObIsXWivwuCHWzl,203570,0.515,0.607,0,-5.878,1,0.0654,0.000952,2.31e-05,0.19,0.44,158.815,3
48,"love, or the lack thereof",Isaac Dunbar,07s5wOe2qlyWWsf5I5gRxd,187800,0.672,0.681,1,-7.281,1,0.161,0.137,0.0,0.0893,0.38,115.048,4
4,heartbreak of america,lovelytheband,2eDPPdUESqwN8AsSBNjzZ3,195821,0.62,0.881,5,-5.443,0,0.138,0.00325,0.0,0.353,0.684,146.06,4
10,Set On Fire - Acoustic,MAGIC GIANT,184ABCzM255iwsHGZ0J0W5,239013,0.47,0.33,2,-10.23,1,0.0324,0.843,0.0518,0.105,0.241,79.668,4
16,"Check Yes, Juliet",We The Kings,0wVluBsVAVzBKrqspuCcwR,220146,0.352,0.912,7,-4.253,1,0.0725,0.00197,0.0,0.193,0.351,166.795,4
22,Dream of Me,Vinyl Theatre,1Mf1g7ppQdS60FxrrSBBVc,222013,0.439,0.31,0,-8.544,1,0.0334,0.824,0.0,0.301,0.181,120.055,4
28,Hot Sugar,Glass Animals,5B9t3xqRqNzyb7MDNXOReG,234865,0.705,0.487,0,-9.456,0,0.0587,0.0837,0.028,0.303,0.34,88.616,4
34,Tasty,Anarbor,5aw75LeCaYxFj38vpmCpnH,189954,0.638,0.742,6,-7.161,1,0.0498,0.0802,0.0,0.118,0.206,109.98,4
40,Everyone Changes,"Kodaline, Gabrielle Aplin",2KaQEJkUtdhmHBc1ERzlRB,208956,0.455,0.612,8,-8.373,1,0.045,0.42,0.000413,0.0958,0.302,143.994,4
46,Helium,Glass Animals,1yOc6FBOVD6zBwOMxiSEEv,328232,0.289,0.307,4,-16.036,1,0.0452,0.854,0.275,0.255,0.0477,96.516,4
2,Funeral,Handsome Ghost,7101lDYzFuMrVFudRnLyub,268116,0.621,0.244,0,-9.244,1,0.0266,0.827,0.000811,0.189,0.165,96.048,4
8,Silver Lining,Mt. Joy,0i5QVxsK3IvEDbUjTA64Li,198600,0.541,0.616,0,-6.53,1,0.028,0.00114,1.09e-06,0.151,0.203,144.218,4
14,decide to be happy,MisterWives,4npip0lZeQAbj1epad3oCu,207493,0.592,0.804,5,-5.11,0,0.0545,0.21,0.0,0.318,0.554,74.98,4
20,One Step Away,Moon Taxi,5RNz6JN15Sp5tRla7KIau6,196480,0.661,0.868,4,-6.544,0,0.0631,0.0101,3.21e-06,0.107,0.394,121.968,4
26,OMG Plz Don't Come Around - Smallpools Remix,"THE DRIVER ERA, Smallpools",3aZnErfW3ss417wunD3C09,179635,0.614,0.924,7,-4.734,1,0.0358,0.0414,0.0825,0.176,0.657,117.996,4
32,Coastline,Hollow Coves,2KCqAdd2ad0hpJc5ySoTE8,233973,0.67,0.496,2,-11.23,1,0.0277,0.627,0.00325,0.0584,0.427,100.17,4
38,Friend Like You,WILD,6AhrsqaDckAHlfJuTSI9O9,176842,0.741,0.484,0,-7.158,1,0.0429,0.0472,0.0,0.13,0.476,95.007,4
44,Black Mambo,Glass Animals,7bfjVe06NIMNzE9G2cO5fO,248920,0.675,0.41,0,-10.699,0,0.0444,0.298,0.000679,0.133,0.301,79.998,4
0,comehangoutcuzimagoodtime,Walkabout,09s8UzqAWCxZUVl0nM3ygC,159833,0.732,0.746,6,-7.497,1,0.0372,0.0181,0.0284,0.652,0.186,89.988,4
6,Amy,Radio Fantasy,64fzBx4weV1upmb4RFQvkN,166800,0.658,0.74,7,-6.412,1,0.12,0.295,0.0,0.12,0.686,100.136,4
12,Less Than I Do,The Band CAMINO,4D7hWrWdoVToQ7Kpy0alI1,211694,0.524,0.579,9,-6.939,1,0.0521,0.0198,3.41e-06,0.103,0.462,76.991,4
18,i need to be alone.,girl in red,7LBfVMw4MNNGCLGmXeuDv6,176500,0.513,0.546,10,-10.384,1,0.0331,0.267,0.00333,0.235,0.584,148.031,4
24,If Only for Tonight,Vacation Manor,3QpriHKwwUMtNttrCs87zO,295281,0.526,0.765,1,-7.142,1,0.026,0.00876,0.0215,0.129,0.622,147.004,4
30,A Little Bit Yours,JP Saxe,00cBcYOlnHoXX9ver3cmdE,225680,0.598,0.295,1,-8.553,1,0.0276,0.735,0.0,0.107,0.314,87.025,4
36,Your Reality,Dan Salvato,65X2rKeXgVceqex382wfuL,181427,0.743,0.206,0,-16.92,1,0.0328,0.629,0.042,0.195,0.608,105.005,4
42,Spiders,Run River North,75LW3ygJkAOnHLRW6okBSN,198040,0.663,0.435,1,-7.2,1,0.0278,0.0912,0.0,0.0539,0.391,92.016,4
48,T-Shirt Weather,Circa Waves,1gR9y60Vr70iUtfC61JIXH,192120,0.422,0.95,4,-4.603,1,0.0661,0.00145,1.1e-05,0.245,0.472,160.02,4
4,Sell the Furniture,Dan Mills,4FXJkr2BPNeSmNkrKKXW1z,253200,0.435,0.396,8,-13.565,1,0.044,0.661,0.182,0.11,0.415,165.111,4
10,The Prince,Madeon,5MT2w1BexEAWjJ62OOHE6q,222809,0.61,0.781,2,-5.694,0,0.0379,0.00361,0.135,0.323,0.299,95.003,4
16,Drive Away,"The Brummies, Kacey Musgraves",5tw8ebBDTShqoCDzfIpZEo,274325,0.472,0.627,5,-4.823,0,0.0326,0.154,3.47e-05,0.0768,0.536,104.478,4
22,For Us,Arctic Lake,6Epdo0hJlIF5Mm2mrjv2sd,177445,0.598,0.446,7,-8.751,1,0.0315,0.457,2.79e-05,0.118,0.0961,82.036,4
28,California,Grimes,3zxqTbepxLQesm41y2NoE4,198337,0.468,0.647,6,-7.966,1,0.064,0.00185,0.000266,0.266,0.466,203.86,4
34,Grim Mary,"1990nowhere, Olivver the Kid, Olen, Lostboycrow",54q1U6CG8oY5iJCbSuDIOG,200757,0.596,0.831,8,-3.615,1,0.0275,0.105,2.4e-06,0.0753,0.487,98.988,4
40,Cops,JR JR,3LfVpuC7hDeHBsa34tefYT,176309,0.646,0.641,9,-8.454,1,0.0709,0.344,1.05e-06,0.19,0.688,141.879,4
46,Love & War in Your Twenties,Jordy Searcy,2NU2U0wWzGtZtuu1QsacOb,250547,0.736,0.525,2,-9.694,1,0.0296,0.22,0.00152,0.127,0.529,102.987,4
2,Limit of Love - Acoustic,Boy & Bear,6X2uBaXcKXUOceq2f8cbgY,220853,0.706,0.551,9,-7.582,0,0.0283,0.609,0.0,0.182,0.47,118.366,4
8,Elevate,St. Lucia,0pBLfQ5JBjh12H6DGZjMwM,308360,0.541,0.982,2,-4.908,1,0.106,0.00767,0.000809,0.291,0.723,104.035,4
14,Hands Down Olivia,Super American,09hBncDVrluWW1K4EkhnAy,156905,0.679,0.514,10,-8.079,1,0.0318,0.00652,1.95e-06,0.054,0.96,94.986,4
20,Night Shade,Coral Bones,6GAV9Rc3i88Ea6zBk6E9ZU,204068,0.563,0.802,7,-6.276,1,0.0278,0.00449,3.97e-05,0.298,0.291,99.977,4
26,Forever Love,Brothers + Company,1Tstz6KHdiwv1xD5AeXHln,223652,0.438,0.648,4,-7.314,1,0.0317,0.069,0.0,0.153,0.139,92.013,4
32,There's Still A Light In The House,Valley,4MIPNDbxVPWdLwH6A4nsiY,203106,0.62,0.655,4,-8.525,1,0.0455,0.024,4.19e-05,0.301,0.335,109.987,4
38,Always Like This,Bombay Bicycle Club,73M2Vb5MfZh8iGKudkMtlw,245640,0.659,0.591,1,-6.713,1,0.0313,0.441,0.000861,0.0862,0.707,121.14,4
44,House Fire,Someone Still Loves You Boris Yeltsin,6qPnHotmUk3Z4JPkwXBqJj,199813,0.638,0.43,4,-8.997,0,0.0288,0.0358,0.17,0.275,0.316,87.589,4
0,Shelter,Broken Bells,5C5Fle0gDOcUchmj4RgVH5,239010,0.466,0.857,2,-6.509,1,0.0375,0.00658,0.018,0.173,0.56,170.002,4
6,Prophet,Bjéar,3xzxAQhxzyAx09d9xSWQP7,283434,0.276,0.52,0,-8.483,1,0.0417,0.287,2.98e-06,0.11,0.088,139.057,4
12,Downtown Fool Around,Smallpools,3RieYNLReLwte6mwLASyja,189800,0.647,0.984,11,-4.73,0,0.0445,0.0337,0.083,0.0763,0.914,124.002,4
18,Rest My Bones,The Northern Empty,7dfJGeGLIJ6BjcSR2AfgTJ,217912,0.576,0.695,5,-5.781,1,0.0352,0.114,1.02e-06,0.101,0.478,119.903,4
24,New Best Friend,Neon Trees,0GwmWHT6w2yLfxL37AJq2F,223195,0.57,0.758,7,-4.983,1,0.0316,0.0002,5.15e-06,0.0822,0.238,119.98,4
30,Not Gonna Take Me,BAILEN,74R7xhfKhgWfCevFkwaLDs,216213,0.669,0.688,9,-5.585,1,0.0553,0.0134,2.86e-06,0.331,0.46,123.864,4
36,Honeybee,The Head And The Heart,5CalS8Gn69OOrR9aiw0ZO9,196055,0.642,0.52,9,-7.886,1,0.0387,0.118,0.000509,0.552,0.488,136.014,4
42,Shatter in the Night,Vesperteen,7ssEICwQTzQKO1asSLiPYt,205272,0.425,0.803,5,-4.817,1,0.0542,6e-05,0.0039,0.0945,0.424,172.048,4
48,Sun,Two Door Cinema Club,5saMo1BtSHW111VrurVHe8,187720,0.65,0.528,4,-5.642,0,0.0288,0.00927,0.000419,0.111,0.595,96.967,4
4,Don't Cry,Tors,2dj6LLARh5aiNWTeUi0Jex,182437,0.553,0.719,4,-7.737,1,0.0461,0.316,0.0,0.0975,0.589,159.865,4
10,It's Alright,Mother Mother,1NCZMAnGrzUmpBzkBlJjNw,175000,0.711,0.382,8,-10.146,1,0.04,0.625,0.0,0.241,0.62,128.023,4
16,Drummer Boy,MisterWives,7tpJvC1WpUPJ6sD2pQqHpb,240266,0.633,0.831,9,-4.803,1,0.037,0.0271,7.23e-06,0.292,0.426,125.036,4
22,Waiting on You,Vista Kicks,6a7Wf0Gxc2f2a5OjeVW8k6,228000,0.652,0.836,3,-4.634,1,0.0442,0.132,0.000106,0.44,0.667,128.067,4
28,Riverside,"James Spaite, Savs",1xABVr1gbAex6iiKx5zdFz,186315,0.651,0.499,2,-7.674,1,0.0425,0.148,0.0,0.25,0.567,75.998,4
34,Lonely Star,Oh Wonder,27aQ9yVJ9w1Wzqe0DYSoH0,237386,0.487,0.277,1,-15.566,0,0.227,0.881,0.0151,0.0857,0.211,84.113,4
40,Weight of the World,Jeff Pianki,3Td2IKZl3l03OnnYNF6S9F,128053,0.709,0.615,11,-9.956,1,0.0539,0.259,6.51e-05,0.0923,0.766,119.93,4
46,Dreamer,seth arlan,5HeoxBdQt6sd0CZOgOELoZ,188000,0.678,0.646,7,-8.821,1,0.0454,0.0541,0.0135,0.0732,0.905,159.006,4
2,Young Liars,TV On The Radio,2x24uEfWPzORC6r7FdjBFz,312280,0.473,0.691,0,-7.984,1,0.0248,0.0312,0.00404,0.147,0.421,82.118,3
8,Green Lights,Walden,7A1VQlSUzBHUBs7IyytLvD,234998,0.266,0.726,9,-6.799,0,0.0378,0.0717,0.117,0.103,0.284,94.902,4
14,I Hope I Get There,Noah Floersch,2ZfbpMTeUTLLnWutix3xgd,186500,0.692,0.5,7,-17.999,1,0.0567,0.532,6.17e-05,0.0998,0.665,120.011,4
20,because of you - acoustic version,Lewis Watson,6J30Bkg1XUKzE7sW8kV8yS,203093,0.567,0.203,4,-10.442,1,0.0484,0.907,0.0,0.0987,0.232,140.596,4
26,The Mother We Share,CHVRCHES,2pE0CMK1fE3mfU0eEOHhKw,191293,0.46,0.686,1,-6.43,1,0.0301,0.0324,4.45e-06,0.126,0.338,173.829,4
32,The Thrill,Yam Haus,3li181sHujZydItKhsrHdn,194697,0.755,0.634,11,-5.086,0,0.0361,0.00537,0.0,0.116,0.517,102.949,4
38,broken people,almost monday,0GOffguGbp8RViiVFaPCU2,202662,0.758,0.723,9,-3.618,0,0.0764,0.0723,0.000656,0.0747,0.589,116.016,4
44,Arms,The Paper Kites,48HT7Zzd3We4ZjG82lsbdK,203560,0.41,0.141,2,-18.564,1,0.0337,0.931,0.0898,0.118,0.239,149.884,4
0,Shaky in the Knees,Grizfolk,6hK0SJ7bCPSlmXB9yGVTr5,209480,0.591,0.601,7,-7.222,1,0.0269,0.19,0.00263,0.0958,0.515,117.076,3
6,Something Unreal,The Script,6CS7hNTlgl3uKLiBm7LGb1,211653,0.572,0.775,0,-4.828,1,0.0587,0.00259,1.01e-05,0.139,0.501,133.914,4
12,Dopamine,BØRNS,62ZXL1CWLJDiDWUZUhfLfU,224373,0.551,0.813,5,-4.25,1,0.0621,0.0155,5.82e-06,0.105,0.568,97.557,4
18,slow motion,flor,429dLeFfHyna5WoRtYf5Su,187824,0.703,0.593,11,-6.568,1,0.0369,0.796,0.0168,0.102,0.333,115.96,4
24,So Predictable,Set It Off,5Jn0J4WJPKS7U8ytXvkUpO,181332,0.564,0.867,5,-3.238,0,0.0541,0.11,0.0,0.155,0.505,150.004,4
30,Monsters in the Dark,MyKey,6k76n9LBEvG45xamqR7BSP,195250,0.76,0.926,8,-4.157,1,0.0629,0.348,5.23e-05,0.906,0.877,113.987,4
36,Papercuts,Tedious & Brief,56rrhgNfHVCBajR2Y11vjb,257139,0.431,0.421,5,-9.454,1,0.0534,0.386,0.00269,0.097,0.292,124.977,4
42,One More Time with Feeling,Regina Spektor,2fkrDkTuosP05G4qTIcr0B,237080,0.814,0.394,0,-10.271,1,0.0433,0.376,0.000295,0.156,0.232,119.083,4
48,Goodmorning,Bleachers,1K13OsIMc0HLgEJHZoWH78,193413,0.629,0.448,2,-9.534,1,0.102,0.579,0.0,0.131,0.515,79.993,4
4,Someone To Call My Own,The Montagu,3zhKcpG0DBWBHmskqwuT71,185182,0.357,0.514,5,-7.75,1,0.0276,0.0192,5.58e-06,0.119,0.286,164.164,4
10,Face the Night,Tennyson,054m8vGuYiKmD4AoCxMdr9,270662,0.542,0.719,8,-8.277,1,0.112,0.384,0.0351,0.188,0.444,125.991,4
16,Warm Animal - Acoustic,Sure Sure,5vuGE0TJlQAJ21eCzSCErg,180104,0.673,0.313,5,-8.811,1,0.0383,0.581,8.16e-06,0.104,0.803,145.815,4
22,Shampoo Bottles,Peach Pit,4whYKrpVKvvaucBF0vtPuQ,224266,0.648,0.436,8,-9.578,1,0.0275,0.0232,0.0,0.0944,0.333,107.019,4
28,Lights in the City,The National Parks,2Vi6Ar8PteV4HmwY5SJj3Y,207500,0.518,0.841,11,-5.612,1,0.0467,0.0217,3.07e-05,0.296,0.433,135.022,4
34,Bad Decisions,Bastille,4OAxg8dC0yvuTp2A6vHrPF,189728,0.635,0.741,8,-6.618,0,0.0269,0.0502,0.0,0.0859,0.659,93.966,4
40,Islands,"Hey Ocean!, Ashleigh Ball",6QejNKLkSVY4Kqt3w5numd,284800,0.521,0.478,5,-9.972,1,0.0266,0.795,0.00126,0.0825,0.452,94.998,4
46,High Hopes,Kodaline,5rZXBHUU2qz7huEckTwpqo,230266,0.488,0.487,4,-6.371,1,0.0307,0.577,0.0,0.193,0.217,77.344,4
2,Holiday in Danville,Hunter Hunted,77sRwm6Y8K3XCvsG6d6SfY,190657,0.513,0.229,7,-13.396,1,0.0343,0.959,5.32e-06,0.12,0.226,75.996,4
8,Without You,Oh Wonder,0IVHlst3XMgzXUJbIyZ8oO,224740,0.639,0.465,11,-7.247,0,0.0696,0.27,1.45e-06,0.124,0.319,86.994,4
14,Follow Your Arrow,Kacey Musgraves,4CLPNURPcKztF9RRdcWLGP,199640,0.448,0.649,5,-5.925,1,0.0434,0.418,0.0,0.0976,0.575,195.925,4
20,Subaru Crosstrek XV,Hobo Johnson,5bQ1qgqZhpCS9RQCUZaqBO,154932,0.826,0.528,8,-8.326,1,0.344,0.0357,0.0,0.605,0.539,99.966,4
26,Hannah Hunt,Vampire Weekend,3t87C08isN6yw2DnWOorLm,237973,0.345,0.313,4,-10.098,1,0.0681,0.717,0.000822,0.1,0.164,207.969,4
32,Breathe,Dom Fera,5aHb9Wo4BhRjZNdDHXtLBN,201242,0.602,0.838,2,-5.835,1,0.0374,0.554,0.0,0.233,0.59,117.951,4
38,Vámono,Buscabulla,623mI2F1iCO4cqGbv6WUVn,208329,0.672,0.733,2,-8.457,1,0.0313,0.112,0.373,0.0764,0.337,111.436,4
44,Another Place,"Bastille, The Chamber Orchestra Of London",5JovQzN887XlkVlpjkudIf,257626,0.318,0.335,8,-9.381,1,0.0339,0.816,0.0,0.521,0.29,114.76,5
0,Over,Jango Feraro,2g3XZIaWdZlMtVlUnWN6Lb,257079,0.73,0.47,3,-9.997,1,0.0353,0.0271,0.573,0.0621,0.821,114.97,4
6,The Distance,Fever Dolls,5ZUFK4as3PAE0v45VXjmd9,238232,0.475,0.803,10,-5.634,1,0.0518,0.0103,2.75e-06,0.569,0.535,157.065,4
12,I CHOOSE YOU,Adam Melchor,6YRLMz4DOqNtGCvqGR2E0N,217807,0.562,0.713,11,-4.903,1,0.0277,0.282,3.94e-06,0.391,0.474,135.119,3
18,Clouds,BØRNS,03v70ZBxmcPX3RWAZMzqaW,190253,0.644,0.478,11,-6.469,1,0.0529,0.194,0.00376,0.106,0.496,159.898,4
24,Confess,EMEFE,1JdqGFUqsCkQQA0i868079,303542,0.613,0.844,11,-8.0,0,0.0882,0.149,0.169,0.363,0.886,164.807,4
30,Bravado,Yoke Lore,0PLtvjwJA5iIcwsaauel2I,226055,0.512,0.346,11,-12.793,1,0.0284,0.606,0.178,0.102,0.117,141.863,4
36,Marceline The Vampire,Steppes,2p975L9RyQFC95S1cJimnk,175126,0.518,0.872,2,-4.413,1,0.039,0.00216,0.00552,0.152,0.578,127.914,4
42,True Loves,Hooray For Earth,48ICCHpQPeXg8pKwQQKOhe,209760,0.535,0.94,2,-3.372,1,0.184,0.00117,0.0237,0.1,0.39,140.008,4
48,A Phone Call In Amsterdam,Valley,5voLEcwp6FlI2iyonUOHXt,233373,0.523,0.643,1,-7.895,1,0.0341,0.00518,0.0,0.318,0.378,100.028,4
4,Every Single Night,password:password,7wdriMSiukivO90MfDoUF1,248058,0.515,0.635,0,-9.977,1,0.0254,0.0214,0.0048,0.199,0.458,84.017,4
10,So Hot You're Hurting My Feelings,Caroline Polachek,5B6Kjha6RRIMWGN7zGsAaT,183861,0.795,0.576,6,-4.971,1,0.0289,0.0787,1.01e-05,0.121,0.847,111.975,4
16,Sincerity Is Scary,The 1975,6HguG9HRb1Ke1bhihfE4m8,225955,0.664,0.524,2,-5.178,1,0.0283,0.0495,8.18e-06,0.075,0.475,91.027,4
22,I Wonder,Bay Ledges,36bTqrFEfenj3Z35uzjF6r,196811,0.772,0.541,1,-9.386,1,0.0374,0.0177,0.248,0.0924,0.625,119.012,4
28,Future Retro Super Soul,Jane Holiday,6YDqsBFVkNdrsgCkzBDItj,183000,0.677,0.656,9,-13.868,0,0.0308,0.00778,0.0,0.0818,0.955,119.969,4
34,Somebody Better,The Million,6Sciu3OE4WwJF5l0pMWjZV,205512,0.752,0.779,0,-5.648,0,0.0309,0.598,0.0,0.265,0.921,107.991,4
40,the end,MisterWives,6VlCVPEdRRqDW21XeGudvw,194893,0.526,0.886,9,-3.043,1,0.0552,1.63e-05,0.0583,0.315,0.315,126.998,4
46,Something About Us,Pomplamoose,1RBVIqIW1Ka6uMvRkaB781,217682,0.793,0.479,6,-6.356,0,0.0426,0.0414,0.0116,0.0874,0.961,96.015,4
2,The Bottom Shelf,"Daniel Boxx, Alex Callais",6oWLIYMZOTNF6M12IHIm8t,170504,0.774,0.601,2,-12.568,1,0.0303,0.0671,0.0151,0.278,0.832,111.344,4
8,Space Jam,Jarren Blair,1jeCSl9xbUp5okqCjtIP8T,257590,0.463,0.582,5,-7.768,0,0.0357,0.702,4.91e-05,0.306,0.289,150.0,4
14,Happiness,Wingtip,5JDL0rNULeovZKR4GNbz4B,171158,0.816,0.72,6,-8.33,0,0.152,0.0398,0.0,0.148,0.81,91.018,4
20,Good As It Gets,Little Hurt,79HFFYAPOd80mvfOkwDv1n,153506,0.659,0.799,5,-4.42,1,0.0889,0.188,0.0,0.069,0.887,153.916,4
26,In Bloom,Hand Made House,07Tq5rrAN2zBqsFhZ8PL26,155333,0.776,0.486,4,-8.044,1,0.0476,0.0175,0.0543,0.103,0.407,140.022,4
32,Dead Ringer,Yoke Lore,20WriEHh4LCUqjoeoWeABm,219961,0.671,0.475,1,-10.118,0,0.0433,0.489,0.0895,0.13,0.581,144.904,4
38,Empathy,The Brazen Youth,4vWbdNa5uE9A9DKgxT544E,263463,0.549,0.686,5,-8.482,1,0.0314,0.339,0.0661,0.0932,0.465,80.036,4
44,I Believe in Us,WILD,1VErmprb2H2avWSo6Lc5Id,168528,0.707,0.739,0,-5.458,1,0.0495,0.0461,1.17e-06,0.214,0.611,100.002,4
0,Cold Cold Man,Saint Motel,6RKGBcDtgzXx21zUjpeu6F,230773,0.613,0.661,9,-4.984,1,0.0263,0.00652,0.0,0.0976,0.509,110.978,4
6,Vowels (and the Importance of Being Me),HUNNY,2yfu1w0yFYHAHnr4p5JS7V,184435,0.484,0.875,4,-5.237,1,0.0541,0.00154,9.64e-05,0.169,0.724,150.021,4
12,still feel.,half•alive,48XkVAagIoQHCsOlJtXUd5,247786,0.779,0.516,10,-6.467,0,0.0521,0.148,0.0,0.0492,0.715,120.026,4
18,Make It Up As We Go,Volunteer,6FnkvQMtvhhK6HWYqJyPSl,210435,0.626,0.848,6,-6.022,1,0.0384,0.289,0.0,0.236,0.944,93.768,4
24,Complainer - Strings & Keys,Cold War Kids,4Djy5N0lfppiLfdkSEx6Xv,223226,0.631,0.313,3,-7.046,0,0.0285,0.506,1.42e-05,0.0603,0.393,98.008,4
30,A Better Way,Andy Hull and Robert McDowell,254wJHeWER7L7ZmqZITZbB,188818,0.516,0.129,10,-14.004,1,0.0409,0.897,0.000305,0.112,0.221,133.479,3
36,You Bring Me Down,Super Doppler,1Hnjb1MgHtzdhkm2bv9xPl,211829,0.437,0.795,2,-6.9,1,0.0424,0.004,0.000266,0.11,0.331,141.563,4
42,Marquee,The 5:55,4eTGXwNcDz0hqsGToYKFig,231012,0.71,0.792,1,-3.691,1,0.0325,0.0404,0.0,0.099,0.948,107.984,4
48,British Bombs,Declan McKenna,4ZdmTNaBTErD8n9AQE0YaX,297714,0.674,0.865,6,-6.167,1,0.0412,0.0462,0.0,0.381,0.694,131.975,4
4,Skin and Bones,Cage The Elephant,6ubPFMzlIg73d1jzzWcC8B,196173,0.539,0.788,9,-3.227,0,0.0396,0.0089,0.0,0.29,0.357,159.986,4
10,Ready To Go (The Low Light Sessions),Bronze Radio Return,1U1lSljnPf21S2401DJlST,221178,0.695,0.453,2,-7.579,1,0.0332,0.955,0.519,0.144,0.124,133.911,4
16,Labyrinth,"Eyes on the Shore, Mojaui",5E8IQIEwvOugeh6Jm9bq3f,276584,0.502,0.477,4,-14.38,0,0.0329,0.0672,0.013,0.124,0.375,91.983,4
22,whywhywhy,MisterWives,21MdRtOTdr2okhh8oRLhhv,200680,0.631,0.819,2,-4.327,1,0.0611,0.0717,0.0,0.127,0.341,113.054,4
28,Reassess Me,The Brazen Youth,3cGZcmHUYPMgF95vqIBaWJ,300414,0.467,0.561,1,-10.336,1,0.0292,0.074,0.00315,0.106,0.148,96.983,4
34,Emma,The Brazen Youth,051kSTwTsidd2WoEuAZc7c,229427,0.511,0.452,2,-11.52,1,0.0276,0.63,0.0078,0.0838,0.272,143.898,3
40,Costa Rica,The National Parks,6Xw6omcxdC0OwWHFPmMpoc,190432,0.508,0.619,2,-7.119,1,0.0338,0.099,0.000183,0.165,0.377,138.186,4
46,Solstice Song,Sure Sure,6VHysVHEJNk0UrO8RGrNgu,215360,0.634,0.48,0,-8.492,0,0.0258,0.338,0.0184,0.0906,0.537,92.029,4
2,Season 2 Episode 3,Glass Animals,4vcoNCrTtunmJ9q8srpVly,243509,0.742,0.289,5,-7.833,0,0.115,0.543,4.57e-05,0.228,0.71,147.986,4
8,Sweet Tangerine,The Hush Sound,3fMxeVaHO93ENmGJtNwpfm,183226,0.546,0.851,0,-5.402,1,0.0367,0.169,0.0,0.334,0.751,144.007,4
14,100 Bad Days,AJR,17FK4etx1u2NK60cptINMS,212783,0.626,0.639,10,-5.62,1,0.085,0.0465,0.0,0.161,0.638,144.009,4
20,Those Nights,Bastille,6qQiQjP0oGnsG3Xa1sSuiJ,269854,0.321,0.54,7,-6.481,0,0.147,0.478,0.0,0.108,0.255,75.07,4
26,Like a Kennedy,Joywave,1DqXuZnzvjbQpFRWmADDJc,247880,0.545,0.549,2,-5.868,1,0.0255,0.306,0.000194,0.108,0.273,137.946,4
32,Stand Tall the Four of Us,Mantaraybryn,2C23u54N9lWdQB7kptcnQA,194166,0.658,0.428,5,-8.197,0,0.0385,0.906,0.0,0.109,0.492,119.839,4
38,Low,JR JR,0zY7t0PVD5OWFIUMozn9dR,198391,0.584,0.763,10,-7.98,1,0.109,0.278,0.0,0.209,0.576,86.0,4
44,Clockwise,Dylan Dunlap,6vTy0PkiphS8MGG85PKt00,238442,0.588,0.572,11,-6.086,1,0.0499,0.0964,0.0,0.269,0.536,79.859,4
0,Crop Circles,Jon Bellion,2SCUNHTUORvAnmWjSsp5Ib,147684,0.793,0.755,4,-4.561,0,0.0737,0.077,0.000271,0.0868,0.664,99.912,4
6,Go Easy - Acoustic,Matt Maeson,5CHrPezdekgcVhWiUuDqHH,236840,0.553,0.313,7,-8.488,0,0.155,0.429,0.0,0.0874,0.446,83.21,4
12,About You (feat. Charles X),"Caravan Palace, Charles X",3r0Lvu3tsHhFvYioLEaaOT,228279,0.67,0.874,2,-4.713,0,0.144,0.549,0.000102,0.138,0.665,105.003,4
18,Hold It Down,Noah Kahan,6xNaObGQT8V8OM5OEm6p3G,196800,0.63,0.363,5,-8.458,1,0.0354,0.193,0.0,0.117,0.376,154.763,4
24,Komorebi,Craft Spells,2ztHL4aV76oeCe6DDWpky3,263691,0.18,0.555,1,-8.784,0,0.0326,0.216,0.417,0.102,0.563,166.476,3
30,Life In The City,The Lumineers,5m5ujaIcyabeTxIV48Gx1D,231360,0.743,0.57,0,-7.376,1,0.0335,0.506,5.18e-05,0.0994,0.273,97.005,3
36,Scavenger,Finish Ticket,40xxCI61nOsrtfoiiNGBl4,210866,0.341,0.869,0,-3.203,1,0.0546,0.000157,0.0,0.119,0.41,155.804,4
42,Stars & Galaxies,Carver Commodore,04DCTRWJPjW7vE0wAZwseB,208629,0.658,0.723,6,-6.337,0,0.0255,0.0904,0.00221,0.156,0.542,91.016,4
48,Morning In America,Jon Bellion,2JXNOtb0ANe6MzgRYDQG2J,265950,0.735,0.665,5,-5.933,1,0.0819,0.129,0.0,0.0803,0.593,102.018,4
4,Bad Times,Ra Ra Riot,4J682aK0qc8TpTrZWojw4h,215080,0.597,0.827,6,-3.713,1,0.0367,0.00506,8.72e-06,0.0692,0.732,148.014,4
10,Catastrophize,Noah Kahan,3JXuMsnzwmqEEqQexK0q8b,198293,0.661,0.823,11,-4.95,1,0.0486,0.135,0.0,0.0387,0.768,155.97,4
16,Kiss the Sky,Shawn Lee's Ping Pong Orchestra,5zVW76plgG9B4904OXXXZd,219822,0.564,0.682,6,-6.46,0,0.0289,0.0838,0.697,0.19,0.302,85.276,4
22,Trampoline,The Unlikely Candidates,3geJxU83R4EzSjIymcXSt2,210590,0.391,0.898,3,-2.953,1,0.076,0.0529,0.0,0.0621,0.638,179.936,4
28,I Don't Wanna Be Okay Without You,Charlie Burg,5YgKH936kLB3ZMuMQf4nxG,243796,0.52,0.319,5,-7.461,1,0.0291,0.399,2.52e-05,0.138,0.165,62.985,4
34,bury a friend,Billie Eilish,4NzMOnvSJVNKF7nw5NkXIP,193143,0.905,0.389,8,-14.505,1,0.332,0.74,0.162,0.106,0.196,120.046,4
40,Therapy,Khalid,25YvGDl2zSE0pH8jrMZ6aY,257959,0.707,0.484,9,-6.579,0,0.0481,0.891,0.00344,0.256,0.43,92.988,4
46,Raspberry,GROUPLOVE,1F5A4LpF8ylUVtPoMAvNvn,196026,0.492,0.779,3,-5.022,1,0.0498,0.0292,0.0,0.129,0.445,104.966,4
2,It's Over Baby,The Fame Riot,7foIRMSJ1QAsDm8jZFUxNU,189943,0.498,0.841,9,-3.463,0,0.0881,0.0933,0.0,0.123,0.575,178.04,4
8,Why Even Try,Hippo Campus,7hNT08Aa0p2Wpozs1tAAoN,218000,0.597,0.635,0,-5.889,1,0.0311,0.035,0.00553,0.127,0.196,113.032,4
14,Running Scared (Desert Song),The Strumbellas,4U0oy054pUlnfacjvgZqqA,228986,0.416,0.922,0,-4.86,1,0.0862,0.00131,0.000158,0.332,0.622,203.969,4
20,Endless Night,Tippy Balady,5K3KSWzdwlwzrmkvTqD0FW,251050,0.478,0.467,0,-10.32,1,0.126,0.601,7.14e-06,0.115,0.371,171.896,4
26,Stay Away,Felix Rabito,1ueYJ9fQeRI3PMF39GroM4,233226,0.628,0.371,2,-8.338,0,0.0359,0.533,1.54e-05,0.115,0.51,88.757,4
32,End of July,Paper Lions,6lpktqsnZdRbrPLLKhp8Jo,220025,0.606,0.393,0,-7.579,1,0.0286,0.0216,0.0626,0.0835,0.299,67.987,4
38,Birthday Party,AJR,3BEub3fmmcmaN3jSiEtKHT,223947,0.707,0.462,1,-6.696,1,0.117,0.0732,0.0,0.199,0.547,83.994,4
44,As We Ran,The National Parks,5ITmuvjtUUdxVQCCsaKBDx,200321,0.431,0.588,9,-6.855,1,0.0348,0.0169,0.00689,0.368,0.183,143.975,4
0,Close To Gold,Hippo Campus,2nX6WdJ9ojWhgZ2AQKtWkZ,190663,0.36,0.787,0,-4.152,1,0.0447,0.0179,0.0,0.0959,0.366,125.286,4
6,Lighthouse,Doc Robinson,4UKEpddo00hQuGqLEi4rCg,242812,0.5,0.686,8,-10.679,1,0.0383,0.38,0.406,0.144,0.862,191.602,4
12,Places,The National Parks,1TkzittARXqOUAP9wHTJwH,195923,0.526,0.743,2,-5.122,1,0.0437,0.122,1.29e-05,0.0566,0.295,127.945,4
18,"Familia (with Anuel Aa, feat. Bantu) - Spider-Man: Into the Spider-Verse","Nicki Minaj, Anuel AA, Bantu",4Uy3kNxW2kB8AEoXljEcth,174893,0.766,0.881,9,-5.158,0,0.137,0.0166,2.3e-06,0.347,0.674,112.027,5
24,Home,"Vince Staples, Richie Kohan",7pBsquIkbED6W6uSQJGbkn,211360,0.604,0.736,10,-5.596,0,0.0555,0.00608,0.109,0.11,0.345,118.012,4
30,Green Light,Lorde,6ie2Bw3xLj2JcGowOlcMhb,234652,0.594,0.721,2,-7.812,1,0.0957,0.0209,8.55e-06,0.0879,0.253,128.942,4
36,Longshot,Catfish and the Bottlemen,1Yi8XPnCPoimWwqxwm3uz9,232960,0.481,0.765,7,-4.025,1,0.0388,0.00381,0.000737,0.119,0.465,102.829,4
42,Strange Love,The Unlikely Candidates,6BCCcdlZQlJndxB6H2YPSs,210932,0.691,0.913,3,-5.946,1,0.0381,0.0728,0.0,0.464,0.831,125.977,4
48,"Shake, Shake, Shake",Bronze Radio Return,4dI4oscajpdtjpg2dP1x28,163236,0.727,0.678,10,-5.136,1,0.0626,0.0807,0.000564,0.115,0.204,119.957,4
4,Light On,Maggie Rogers,6UnCGAEmrbGIOSmGRZQ1M2,233880,0.657,0.569,2,-6.287,1,0.0542,0.201,1.38e-05,0.126,0.399,102.054,4
10,Catch It,"Andrew Applepie, NKLS",2apEIK0QC6HPHOGtkIDfxv,201492,0.709,0.591,10,-9.37,1,0.0682,0.744,0.0276,0.111,0.785,77.015,4
16,With Me All Along,Bronze Radio Return,4bWKI0jOP1LH2EHnXammso,226710,0.604,0.721,5,-6.559,1,0.0319,0.25,0.105,0.426,0.426,79.06,4
22,I'll Be Good,Jaymes Young,5WLSak7DN3LY1K71oWYuoN,248554,0.455,0.284,7,-10.774,1,0.0322,0.715,1.47e-06,0.0897,0.133,133.936,3
28,Small Infinity,Whim,5nFcXNFiOrFpv138m9FQKz,194815,0.765,0.245,1,-16.059,1,0.0423,0.622,0.000296,0.124,0.116,103.863,4
34,Life Is Confusing,Langhorne Slim,4sYjFmNN8Vv2Rjg8jhwrSX,171413,0.373,0.216,1,-11.41,1,0.0326,0.955,0.00105,0.0739,0.496,129.03,4
40,Kendall Drive,The Polar Boys,4l9Lf72kBNL1RTV3ZQvK17,164625,0.512,0.841,0,-6.344,1,0.0358,0.0286,0.0,0.164,0.89,160.01,4
46,Floating,VHS Collection,1FhH4YIos1vHe1ZvdyhYZ2,249374,0.564,0.804,0,-5.54,1,0.0456,0.00412,2.49e-05,0.649,0.736,125.02,4
2,Sour Patch Kids - Acoustic Redux,Bryce Vine,39eDF0uTls6xL3Ea8nWmku,252162,0.561,0.729,9,-6.643,1,0.112,0.089,0.0,0.124,0.874,73.436,4
8,The Wonder Years,Jon Bellion,7dElV0d6t6egBMvCVdxv0R,209186,0.659,0.611,6,-5.142,1,0.104,0.0825,0.0,0.148,0.577,101.438,4
14,I Love You Will Still Sound The Same,Oh Honey,6KRddNr4XlooytDWtefT7L,207123,0.607,0.737,3,-5.714,1,0.0309,0.0348,0.0,0.119,0.702,113.96,4
20,Help I'm Alive,Metric,1z4xjDLLWJgG48Bn8OCxZv,285920,0.565,0.877,5,-4.561,0,0.0614,0.00813,0.00251,0.26,0.389,118.484,4
26,Challenger,Mike Edel,5kjoQv4rj2I4cpAfVaj0EA,223080,0.667,0.639,8,-7.328,0,0.0413,0.218,0.247,0.187,0.315,125.013,4
32,Who You Are - One,The Genius Buddha Band,4E5lWUoP23YehtK5dPBkz0,242066,0.682,0.749,0,-8.461,1,0.111,0.0154,0.0,0.276,0.809,115.956,4
38,Colorado,CHAPPY,1HldoPwNAX4CP0qGi0T333,267611,0.483,0.524,5,-9.629,1,0.0352,0.0215,3.35e-05,0.307,0.218,142.953,4
44,Reckless Lover,Handsome Ghost,0CBj4kxyvLQzoEi9bV0bZ0,250800,0.529,0.54,9,-9.724,1,0.0315,0.108,0.049,0.0719,0.505,116.943,4
0,"Weight Of Living, Pt. II",Bastille,1zahcPiknqZfH5hqdhzA2V,174840,0.573,0.802,0,-5.087,1,0.0519,0.0231,4.04e-06,0.101,0.422,129.969,4
6,Human - Acoustic,Jon Bellion,2WU4ET9r25IVZGQkWOM2UL,247838,0.48,0.127,6,-15.996,1,0.217,0.892,0.0,0.173,0.324,182.389,4
12,Do I Wanna Know?,Arctic Monkeys,5FVd6KXrgO9B3JPmC8OPst,272394,0.548,0.532,5,-7.596,1,0.0323,0.186,0.000263,0.217,0.405,85.03,4
18,Woke The F*ck Up,Jon Bellion,1zTW7xRtxmprjTUDi6bAHg,219583,0.687,0.622,8,-5.338,1,0.0987,0.0406,0.0,0.0653,0.624,93.994,4
24,Life Itself,Glass Animals,32zkKx35Et6A515oZKxDkD,281406,0.699,0.67,1,-6.219,1,0.0347,0.0147,0.22,0.356,0.556,111.988,4
30,Straight into Your Arms - Bonus Track Version,Vance Joy,1ueeLdAauagzEJ9coJQMYt,217156,0.645,0.557,7,-5.883,1,0.0329,0.224,0.0,0.374,0.461,100.026,4
36,Calm Is Intention Devouring It's Frailty,Morning Teleportation,6brreszHHi521eKymfzMJD,257493,0.312,0.721,0,-6.023,1,0.0726,0.00153,0.00638,0.314,0.314,152.114,4
42,Heater,Little Car,6yHN9JUK8NzffoE3JPIjQV,169913,0.466,0.842,4,-4.366,1,0.129,0.0551,0.000125,0.0788,0.731,172.456,4
48,You Are Loved - Demo,Set It Off,5lIvgDzw7ipkDmByWbRblx,200226,0.578,0.492,7,-8.263,0,0.0319,0.346,0.0,0.0841,0.844,149.949,4
4,Normal,AJR,61tglDZdrShZWVEU6J4Ogn,185443,0.588,0.337,6,-9.829,0,0.0321,0.923,2.63e-06,0.159,0.317,95.981,4
10,warm blood,flor,6Rp79bGrzD8cWUGE1eiL8s,247414,0.561,0.786,3,-4.791,1,0.0292,0.0119,0.00217,0.0798,0.465,142.088,4
16,2 / 14,The Band CAMINO,5sCvipEhpAhVhu3K6kzm1P,163690,0.607,0.708,9,-7.428,1,0.0539,0.377,0.0,0.294,0.551,97.005,4
22,Piece of Bone,Mantaraybryn,0qevCJExBvsowAenWfWmCJ,246039,0.819,0.644,5,-5.875,0,0.0491,0.153,3.37e-05,0.102,0.335,124.982,4
28,Gold,The Last Bison,3w4rAeMuSJcNO8NgVbSHPw,197681,0.683,0.659,2,-4.196,1,0.0348,0.201,9.1e-06,0.329,0.577,93.023,4
34,Colorful,Jukebox The Ghost,4KsNm9WbBx5E7qw8ebru5l,192106,0.594,0.792,8,-5.625,0,0.0312,0.00992,0.0,0.164,0.674,156.954,4
40,Mirrors,Mos Isley,0GM2fI1SntGA1bZbSlvurZ,213380,0.483,0.835,9,-7.219,1,0.0477,0.279,5.84e-06,0.124,0.498,139.86,4
46,Matchbox,Rainbow Kitten Surprise,41xaZ4WLlKD95U5PknoJrV,172466,0.678,0.81,7,-5.665,1,0.279,0.0635,3.8e-06,0.0343,0.804,74.964,4
2,Counting Cards,Rainbow Kitten Surprise,5zzWx7oJ9zBmv76uFaFeYR,229653,0.763,0.599,9,-8.285,0,0.0417,0.0856,0.00678,0.113,0.306,110.098,4
8,Hey Child,Korbee,2NldmECxe8jE4TmLmu5Yao,241266,0.649,0.796,9,-3.89,1,0.0328,0.00267,0.000157,0.362,0.653,140.035,4
14,Crutch,Set It Off,3mp39JwEBotRVlyJZAK4mb,184826,0.562,0.694,7,-7.04,1,0.0578,0.037,0.0,0.0465,0.582,160.023,4
20,Stay the Night,Jukebox The Ghost,3dJQLmbN6vyRNxLk3hkNbX,170647,0.693,0.743,5,-5.146,0,0.0277,0.00822,3.37e-06,0.262,0.616,127.037,4
26,Miss Mysterious,Set It Off,0Hkyfh5yN9mSehPH10wzcR,271040,0.393,0.54,1,-5.974,1,0.0278,0.0942,0.0,0.108,0.39,76.303,4
32,Unamused,Made Violent,4DwqT0oTpyzME4neWx6fki,157122,0.476,0.742,11,-4.889,1,0.0293,0.00421,1.89e-06,0.228,0.91,138.887,4
38,Hurt Like Hell,The Heydaze,296TKunfRnpbT65BjC4LPi,197955,0.598,0.791,2,-4.903,1,0.0643,0.00224,1.22e-05,0.11,0.271,98.055,4
44,You & I - Alternate Version,Colony House,0hNVbtRaDqL7YBbJaPMCWw,249258,0.513,0.735,8,-7.696,1,0.0471,0.479,4.57e-05,0.206,0.609,156.515,4
0,More Than A Fool,RIVVRS,3bt5rrwwlA0DyA2s2GoPtV,196400,0.689,0.486,9,-8.057,1,0.0282,0.221,7.01e-06,0.212,0.476,109.975,3
6,Get Into My Heart,The Griswolds,3vefbcQ04HqpTFn2LJPB19,223866,0.68,0.866,0,-4.991,1,0.0411,0.00117,0.00685,0.277,0.362,113.48,4
12,Shadow of a Man,Danny Fishman,0tdoKXMd7idcoz86KbjTZt,265627,0.63,0.414,4,-8.96,1,0.0305,0.8,0.00054,0.148,0.5,117.934,4
18,Who Says We're Through,The Band CAMINO,7i082IMKU0FWcA7GzZtCzZ,249490,0.535,0.791,8,-7.081,1,0.0383,0.00752,0.00442,0.0769,0.411,103.117,4
24,Goodbye,Who Is Fancy,6K5xY7EabiBLjd2HuBQIak,206213,0.717,0.692,5,-6.735,1,0.0466,0.0635,0.00049,0.0923,0.602,114.997,4
30,The Key to Being Lonely,Bug Hunter,09vLZSOpT69M0wBBRTV1Pl,254000,0.625,0.483,1,-9.617,0,0.0509,0.292,1.02e-05,0.0824,0.66,99.779,4
36,Pretty Way to Fight,Knox Hamilton,6FI9HEkxiYljt06KHdmpKE,203666,0.526,0.892,1,-4.776,1,0.0659,0.00775,0.058,0.212,0.35,153.994,4
42,New Orleans,Parachute,6JGzDkQCxSZ33NwKptp85n,246146,0.592,0.748,9,-6.555,1,0.0378,0.0321,0.0,0.377,0.0996,127.093,4
48,Train Song,Danny Fishman,4BoNrxrQ6V0iKkExokBoKO,204401,0.664,0.595,0,-7.597,1,0.0427,0.446,0.000275,0.119,0.629,159.974,4
4,Idea Of You,Dave Matthews Band,4D61qXYCY7mVzo0QQm5ehd,284680,0.539,0.895,5,-4.983,1,0.0771,0.212,1.81e-05,0.397,0.444,142.875,4
10,See You Tomorrow,Jester,7tn2CdNNYCQutYmqihNqNe,342853,0.588,0.717,7,-7.349,1,0.0522,0.112,4.47e-05,0.112,0.795,79.977,4
16,Do You Believe In?,Sleep State,0o8iKFFPVZChkmxfRYmDHp,235746,0.618,0.814,5,-5.467,1,0.0313,0.0599,7.53e-05,0.218,0.608,111.009,4
22,Colour Me In,Carvel,1tQeNaCieVZSne8tpkX1WX,228954,0.697,0.762,9,-4.518,1,0.033,0.209,0.0026,0.113,0.735,123.959,4
28,Thunder,Mondo Cozmo,2zffJrsswcDnVhLW5sXYsp,223400,0.467,0.93,9,-2.715,1,0.041,0.00022,0.000617,0.13,0.249,126.039,4
34,Take Your Time,Vance Joy,0fqjy5gVNVmQQmxOLLfb3c,217173,0.638,0.687,7,-6.556,1,0.0351,0.4,0.000114,0.166,0.323,114.98,4
40,Bonnie & Clyde,Vance Joy,1SqtvHdK7YCSPFJLZ0a3ZD,194080,0.715,0.611,0,-5.448,1,0.0367,0.893,0.0113,0.0968,0.412,117.87,4
46,Everybody's Lonely,Jukebox The Ghost,43vzBZY7thRmxIgJqKm7XI,185693,0.493,0.746,0,-4.27,1,0.0586,0.133,0.0,0.36,0.485,184.146,4
2,Honey,Magic Man,52h6tJhAz9MDyS8MSIDeIP,223506,0.392,0.754,3,-8.721,0,0.035,0.0686,0.0145,0.097,0.454,179.026,4
8,Eggshells,Call Security,1HxkuN43cvb643TTFjeLKU,185308,0.609,0.689,3,-5.664,1,0.0293,0.034,2.63e-06,0.356,0.811,146.006,4
14,Missing You,All Time Low,0c2yZp1tTYAUiKraMdS8Yg,244823,0.56,0.731,2,-6.121,1,0.0281,0.0475,0.0,0.282,0.401,99.981,4
20,One Love,Michael Bernard Fitzgerald,4MqRAB9a6yRwHo067FXLdd,238000,0.574,0.899,0,-4.188,1,0.0342,0.00174,0.0,0.231,0.725,125.98,4
26,Confidence in Sadness,McAllister,030B9wrfhmYgzuVh1P6Yy5,264186,0.498,0.666,7,-7.522,1,0.0321,0.00207,4.15e-05,0.0945,0.402,75.028,4
32,Up,Ships Have Sailed,652JCbN6nQC5ZzrxKFweH9,238625,0.528,0.787,7,-3.689,1,0.0311,0.366,0.0,0.109,0.478,87.524,4
38,Bear Claws,The Academic,3gRBq8PfyrNu2C5yKp5xVI,213114,0.556,0.87,11,-1.901,0,0.0364,0.0165,0.0,0.0991,0.631,97.002,4
44,Doctor,Truslow,1qzXn13hcfDCbE6jEatEHF,224626,0.619,0.799,7,-4.457,1,0.0416,0.0456,0.0,0.183,0.26,136.058,4
0,Tired of Talking,LÉON,63MRutmAXJwkxhMhPHoioS,197000,0.669,0.693,9,-6.407,0,0.0695,0.127,2.94e-06,0.174,0.398,100.946,4
6,Aquaman,WALK THE MOON,71wT7aMCFPYfzutF66OLac,240000,0.63,0.772,1,-6.986,1,0.0297,0.51,2.26e-05,0.0881,0.721,99.964,4
12,Ain't Scared,The Tragic Thrills,2biu8WurRDNQmESkKcLM2k,260333,0.68,0.619,7,-7.08,1,0.028,0.0275,2e-05,0.316,0.677,119.993,4
18,Up (feat. Demi Lovato),"Olly Murs, Demi Lovato",3NKQd1uW2qHjjPpLRIJnzH,224293,0.69,0.845,9,-4.676,1,0.0339,0.0193,0.0,0.101,0.638,114.948,4
24,Queen of Hearts,We The Kings,2175SEVUYi90KNKHX4NqmV,214663,0.402,0.81,1,-4.839,0,0.0792,0.0516,0.0,0.713,0.572,84.139,4
30,Sail Into The Sun,Gentlemen Hall,5Pe4ydUnsdynr3zu9UTNFE,214600,0.551,0.849,2,-4.786,1,0.0381,0.0363,1.24e-06,0.302,0.697,105.931,4
36,Habits,Dreambeaches,34oiVDdtlMVfZ4DiRXCbNu,197034,0.316,0.891,7,-2.842,1,0.0779,0.00894,0.00439,0.919,0.349,157.746,4
42,Vow,TENDER,47DI4ZUjxi8zB2GmLSy8T3,204426,0.683,0.388,0,-8.041,0,0.0305,0.304,0.223,0.089,0.525,110.022,4
48,broken,lovelytheband,2fZZPs9gwlUoAMJRayBWMk,204878,0.667,0.716,7,-5.693,1,0.0478,0.00236,2.09e-06,0.0421,0.44,122.976,4
4,Dollar Bill,Hippo Campus,17D3saZiiduvOg7Bg6ebGw,251601,0.407,0.79,0,-5.895,1,0.0416,0.114,0.000277,0.112,0.403,134.976,4
10,Backwards,The Rare Occasions,4ERJPEkeznErVhE2y2pmKL,176760,0.538,0.855,0,-5.163,1,0.121,0.0443,0.0,0.099,0.701,117.095,4
16,Mason Jar,Smallpools,6ZtlUSe5Vt1ev5767zg46s,219933,0.292,0.862,9,-3.81,1,0.0417,0.000267,0.13,0.646,0.307,134.602,4
22,9 to 5,Smallpools,0atv7V8rRNHYY9hroCQddh,131280,0.477,0.839,5,-3.958,1,0.0438,0.00134,0.198,0.118,0.944,196.739,3
28,How’s Your Mind,Knox Hamilton,40r18cazxtgkP8TBNKN6tJ,208360,0.554,0.718,2,-4.325,1,0.0383,0.293,0.0,0.12,0.533,139.934,4
34,Little Lies You're Told,Joywave,6ZbvtVsxdqCja4bwqncmzl,198880,0.595,0.811,0,-6.992,1,0.127,0.0875,0.00062,0.122,0.434,110.015,4
40,I Need A Doctor,"Dr. Dre, Eminem, Skylar Grey",70ATm56tH7OrQ1zurYssz0,283733,0.594,0.946,3,-4.521,1,0.452,0.0869,0.0,0.306,0.397,155.826,4
46,Sedona,Sleeplust,7DOvZ55XtSMzpQeK49lRiw,242561,0.588,0.716,0,-5.496,1,0.0305,0.0334,6.4e-05,0.117,0.336,92.006,4
2,Sun Veins,Hippo Campus,4dTc3yRMmsPejJSQOXJpaB,78960,0.278,0.319,6,-12.554,1,0.0326,0.825,0.943,0.084,0.0353,110.977,5
8,Vacation,Hippo Campus,1s6ZeNCxTkbN0QgzsvK2SB,274729,0.491,0.813,4,-3.899,1,0.0559,0.213,0.0212,0.0788,0.554,82.901,4
14,big fat mouth,Arlie,7ocAdyLyKNfTl0igQtSX5o,216983,0.595,0.871,2,-5.972,1,0.053,0.155,2.14e-06,0.238,0.949,128.013,4
20,No Reason To Run,Cold War Kids,5terSLsyKi9TLAa3NwKnZm,192680,0.597,0.837,5,-4.327,1,0.0327,0.103,0.0,0.423,0.589,100.035,4
26,Redbone,Childish Gambino,3kxfsdsCpFgN412fpnW85Y,326933,0.745,0.356,1,-10.425,1,0.0941,0.172,0.00943,0.123,0.607,160.033,4
32,Lavender,Two Door Cinema Club,3UWMoh2vU4DHGcC4mUocYc,235893,0.833,0.455,2,-6.026,0,0.0699,0.0572,0.00095,0.0491,0.887,96.025,4
38,Hurricane,Amber Run,1lNFQhPyKuhOR3i9IYgfmd,186893,0.61,0.732,8,-6.569,1,0.0422,0.00487,0.00188,0.134,0.467,97.023,4
44,Transpose,Bad Suns,3f716CHeVeqmeYMxMpvTdc,233054,0.622,0.92,10,-3.224,0,0.0633,0.0312,3.97e-05,0.142,0.625,145.965,4
0,Hiy Hiy (Milkman Remix),"Lostboycrow, Milkman",6tuhSlOz8YtUfI8MHhVmFP,225500,0.696,0.627,11,-6.066,1,0.0273,0.0132,1.8e-05,0.126,0.208,104.999,4
6,where do you go,flor,4uMj5lh4vOqoP50l4efCss,207967,0.469,0.854,4,-5.03,1,0.164,0.00463,0.0,0.344,0.559,186.061,4
12,Don't Say / Go Away,Al Bairre,6hGoyQpN4hW3eUHBd1DM8y,192821,0.688,0.73,9,-5.604,1,0.031,0.0204,6.55e-05,0.105,0.749,132.034,4
18,Power,Secret Weapons,5GS5vbJnXF8jY0KBLvqf2s,205973,0.836,0.513,2,-9.131,1,0.0483,0.0641,0.00154,0.0437,0.281,110.063,4
24,Sit Next to Me,Foster The People,4BdGO1CaObRD4La9l5Zanz,243146,0.638,0.738,6,-4.976,0,0.0292,0.117,0.000384,0.689,0.657,97.021,4
30,Walk on Water,The Verigolds,7MahksWf7MwkRKs8Om275V,251637,0.32,0.864,7,-3.285,1,0.0392,0.103,7.94e-06,0.0974,0.361,172.019,4
36,The Plural of Moose Is Moose,National Parks,4SUZfUcQ72Z0Tu2jmiMO9W,238000,0.467,0.578,2,-7.944,1,0.0273,0.231,4.05e-06,0.0926,0.411,164.025,4
42,Moscow,Autoheart,4ylE1Sl2wohbCvToD1fHsl,234571,0.715,0.611,0,-8.302,1,0.0324,0.183,8.51e-06,0.0786,0.817,103.987,4
48,Adderall,Max Frost,4Xx0J00u90QvnG3rwz4Itp,218025,0.681,0.891,6,-4.28,1,0.0408,0.000672,1.07e-06,0.0631,0.556,100.008,4
4,Light Outside,Absofacto,5GcA7cWANEAQEBZvF6QjzX,212571,0.676,0.692,3,-6.353,1,0.0373,0.0155,2.51e-06,0.0708,0.752,139.993,4
10,Devotion,Coleman Hell,1HbCjUms6K0N050AHHMolN,200760,0.738,0.736,9,-4.663,1,0.0993,0.00948,1.23e-05,0.198,0.474,112.045,4
16,I'm Born To Run,American Authors,6zDs6zI94L761vd0cVScTT,206920,0.62,0.93,8,-5.615,1,0.0486,0.0662,0.0,0.0788,0.675,126.041,4
22,So Tied Up,"Cold War Kids, Bishop Briggs",3msS7xaelR4Oa0n7IwHkgF,189506,0.587,0.894,0,-4.184,0,0.0402,0.0309,2.15e-05,0.179,0.81,104.993,4
28,Three-Thirty,AJR,2mmCAsWaf7hxvQckfJTF4y,210283,0.661,0.626,6,-6.106,0,0.135,0.305,0.0,0.345,0.691,95.971,4
34,A Dark Congregation,The Hush Sound,4OOyte7lHJumYvF0vL3jpq,192480,0.432,0.72,1,-6.297,1,0.0355,0.0287,0.0103,0.178,0.534,186.766,4
40,Holy Ghost,BØRNS,5ho74ZlMvEbyhFutCd8SGg,256653,0.591,0.874,6,-4.224,0,0.0562,0.00153,1.45e-05,0.0602,0.775,89.998,4
46,Apartment,Young the Giant,165lX6DbMhTzqODVZKLmkm,235800,0.57,0.733,2,-7.194,1,0.0306,0.00686,0.000131,0.21,0.334,109.97,4
2,Dark Necessities,Red Hot Chili Peppers,2oaK4JLVnmRGIO9ytBE1bt,302000,0.7,0.742,5,-6.777,0,0.0716,0.0722,0.0199,0.11,0.197,91.959,4
8,Vines,Hippo Campus,448V07W0zPY7ep7Dtc9Ukm,159056,0.672,0.788,0,-5.5,1,0.0417,0.482,0.0,0.084,0.661,105.991,4
14,Bloom - Bonus Track,The Paper Kites,41yIvlFgvGwxq8qTqAR7eG,210080,0.592,0.416,1,-9.794,1,0.0246,0.882,0.000586,0.112,0.417,96.002,4
20,In The Night,The Weeknd,25KybV9BOUlvcnv7nN3Pyo,235653,0.505,0.68,7,-4.993,1,0.0714,0.0796,0.0,0.0465,0.539,168.022,3
26,Bury Me Face Down,grandson,0LSzBkkQZZkwV656r6etLg,231666,0.39,0.629,1,-4.876,0,0.0469,0.0187,4.12e-05,0.0658,0.162,141.983,4
32,So Good,Louisa Johnson,20js7QbHkIuzrgecUTPfl7,190853,0.549,0.684,0,-4.875,0,0.0349,0.0938,0.0,0.235,0.408,147.012,4
38,Love You More,Olly Murs,6Flx0xGbt7MCfMURzfXci9,184626,0.701,0.534,2,-6.384,1,0.0278,0.00334,0.000509,0.115,0.0741,105.001,4
44,Superheroes,The Script,37sINbJZcFdHFAsVNsPq1i,245466,0.49,0.885,3,-4.121,1,0.0396,0.00218,0.0,0.0741,0.64,166.996,4
0,Black Magic,Jaymes Young,7drLhxwt6idqexeSk4Zuf4,222786,0.625,0.476,0,-8.099,1,0.04,0.495,0.0,0.513,0.55,63.0,4
6,Tongue Tied,GROUPLOVE,0GO8y8jQk1PkHzS31d699N,218013,0.56,0.936,3,-5.835,1,0.0439,0.00847,0.0,0.161,0.371,112.96,4
12,Human,Rag'n'Bone Man,58zsLZPvfflaiIbNWoA22O,200186,0.602,0.707,9,-4.097,1,0.302,0.393,0.0,0.165,0.554,75.087,4
18,Coffins,MisterWives,2xtgaxm8J9Jh2rr5M7ZLFJ,188653,0.471,0.533,4,-7.842,1,0.0321,0.496,0.0,0.108,0.0972,75.954,4
24,Symphony (feat. Zara Larsson),"Clean Bandit, Zara Larsson",1x5sYLZiu9r5E43kMlt9f8,212459,0.707,0.629,0,-4.581,0,0.0563,0.259,1.6e-05,0.138,0.457,122.863,4
30,The Sound of Silence,Disturbed,1Cj2vqUwlJVG27gJrun92y,248466,0.322,0.28,6,-9.367,0,0.0281,0.468,1.1e-06,0.102,0.175,85.794,4
